{
  "admin": [
    {
      "id": "1",
      "login": "ym_admin",
      "password": "ym2004"
    }
  ],
  "parfumsF": [
    {
      "id": "Goddess",
      "nom": "Burberry Goddess",
      "photo": "goddess2.jpg",
      "prix": 100,
      "dispo": true,
      "dateSortie": "2018-03-15",
      "comments": [
        {
          "nom": "Camille",
          "message": "Un parfum glamour et sensuel, parfait pour une soirée."
        },
        {
          "auteur": "Thibault",
          "message": "Pas mon préféré, un peu trop puissant à mon goût."
        }
      ],
      "description": "Burberry Goddess est un parfum floral oriental, une fragrance luxueuse et envoûtante."
    },
    {
      "id": "chanel-no5",
      "nom": "Chanel N°5",
      "photo": "channel 05 2.jpg",
      "prix": 120.99,
      "dispo": true,
      "dateSortie": "1921-05-05",
      "comments": [
        {
          "nom": "Camille",
          "message": "Un parfum intemporel et élégant."
        },
        {
          "nom": "Thomas",
          "message": "Un classique qui plaira aux amatrices de notes florales."
        }
      ],
      "description": "Le parfum légendaire de Chanel, un mélange harmonieux de notes florales et aldéhydées."
    },
    {
      "id": "coco-mademoiselle",
      "nom": "Coco Mademoiselle",
      "photo": "coco madameoiselle 1.jpg",
      "prix": 99.5,
      "dispo": true,
      "dateSortie": "2001-09-01",
      "comments": [
        {
          "nom": "Léa",
          "message": "Un parfum sensuel et féminin, parfait pour une soirée."
        },
        {
          "nom": "Sébastien",
          "message": "Trop fort en tête, mais agréable en fond."
        }
      ],
      "description": "Un parfum oriental-fleuri évolué et audacieux, signature de la femme Chanel."
    },
    {
      "id": "31 Rue Cambon",
      "nom": "31 Rue Cambon",
      "photo": "31 RUE CAMBON 2.jpg",
      "prix": 120.99,
      "dispo": false,
      "dateSortie": "2021-06-01",
      "comments": [
        {
          "nom": "Marie",
          "message": "Un parfum élégant et raffiné, parfait pour les occasions spéciales."
        },
        {
          "nom": "Thomas",
          "message": "J'adore ce parfum, il a une sillage incroyable et une tenue exceptionnelle."
        }
      ],
      "description": "Le parfum 31 Rue Cambon de Chanel est un parfum floral et boisé pour femme. Il évoque l'élégance et le savoir-faire de la maison Chanel."
    },
    {
      "id": "Allure",
      "nom": "Allure",
      "photo": "allure 2.jpg",
      "prix": 99.99,
      "dispo": true,
      "dateSortie": "2018-09-15",
      "comments": [
        {
          "nom": "Camille",
          "message": "Un parfum frais et séduisant, parfait pour tous les jours."
        },
        {
          "nom": "Julien",
          "message": "J'offre ce parfum à ma femme depuis des années, elle l'adore."
        }
      ],
      "description": "Le parfum Allure de Chanel est un parfum oriental et floral pour femme. Il allie fraîcheur et élégance."
    },
    {
      "id": "Chance",
      "nom": "Chance",
      "photo": "chance 2.jpg",
      "prix": 89.99,
      "dispo": true,
      "dateSortie": "2005-12-01",
      "comments": [
        {
          "nom": "Sophia",
          "message": "Un de mes parfums préférés, il me procure toujours une sensation de bien-être."
        },
        {
          "nom": "Léo",
          "message": "Un parfum frais et pétillant, parfait pour l'été."
        }
      ],
      "description": "Le parfum Chance de Chanel est un parfum floral et fruité pour femme. Il apporte une touche de légèreté et de fraîcheur."
    },
    {
      "id": "J'adore",
      "nom": "J'adore",
      "photo": "jadore 2.jpg",
      "prix": 80.99,
      "dispo": true,
      "dateSortie": "2007-09-01",
      "comments": [
        {
          "nom": "Jeanine",
          "message": "Un parfum féminin et envoûtant!"
        },
        {
          "nom": "Pierre",
          "message": "J'adore l'odeur de ce parfum sur ma femme."
        }
      ],
      "description": "J'adore est un parfum féminin créé par Dior en 2007. Il se caractérise par des notes florales et boisées, offrant une fragrance sophistiquée et élégante."
    },
    {
      "id": "Joy",
      "nom": "Joy",
      "photo": "joy 2.jpg",
      "prix": 75.5,
      "dispo": false,
      "dateSortie": "2018-05-15",
      "comments": [
        {
          "nom": "Carine",
          "message": "Un parfum lumineux et joyeux qui me met de bonne humeur."
        },
        {
          "nom": "Luc",
          "message": "La fragrance de Joy est fraîche et pétillante, parfaite pour l'été."
        }
      ],
      "description": "Joy est un parfum féminin lancé par Dior en 2018. Il offre une composition florale et fruitée, apportant une touche de légèreté et de joie."
    },
    {
      "id": "Miss Dior",
      "nom": "Miss Dior",
      "photo": "miss dior 1.jpg",
      "prix": 79.99,
      "dispo": true,
      "dateSortie": "2022-03-15",
      "comments": [
        {
          "nom": "Sophie",
          "message": "Un parfum féminin et délicat, je l'adore !"
        },
        {
          "nom": "Julien",
          "message": "Pas trop mon style, un peu trop sucré pour moi."
        }
      ],
      "description": "Le parfum Miss Dior est une création florale fruitée chypre. Ses notes de tête sont une combinaison d'épices, d'agrumes et de fleurs blanches."
    },
    {
      "id": "Oud Ispahan",
      "nom": "Oud Ispahan",
      "photo": "oud isaphan 1.jpg",
      "prix": 189.99,
      "dispo": false,
      "dateSortie": "2020-09-01",
      "comments": [
        {
          "nom": "Emilie",
          "message": "Un parfum exceptionnel, enveloppant et sophistiqué."
        },
        {
          "nom": "Marc",
          "message": "Une fragrance unique et captivante, parfaite pour les grandes occasions."
        }
      ],
      "description": "Oud Ispahan est un parfum boisé épicé riche et intense. Ses notes de tête s'ouvrent sur des épices chaudes et des boisés précieux."
    },
    {
      "id": "Poison Girl",
      "nom": "Poison Girl",
      "photo": "poison 1.jpg",
      "prix": 99.99,
      "dispo": true,
      "dateSortie": "2016-02-12",
      "comments": [
        {
          "nom": "Léa",
          "message": "Un parfum original et élégant, parfait pour les sorties du soir."
        },
        {
          "nom": "Maxime",
          "message": "Trop fort en tête, mais une belle longévité sur la peau."
        }
      ],
      "description": "Poison Girl est un parfum floral fruité aux notes de fleurs d'oranger, de vanille et de patchouli. Une fragrance audacieuse et captivante."
    },
    {
      "id": "Dolce & Gabbana",
      "nom": "Dolce & Gabbana",
      "photo": "Dolce nd gabana 2.jpg",
      "prix": 89.99,
      "dispo": true,
      "dateSortie": "2018-06-01",
      "comments": [
        {
          "nom": "Camille",
          "message": "Un parfum féminin et raffiné, parfait pour les occasions spéciales."
        },
        {
          "nom": "Hugo",
          "message": "Agréable mais pas vraiment mon style, un peu trop floral à mon goût."
        }
      ],
      "description": "Le parfum Dolce & Gabbana est une fragrance florale fruitée avec des notes de tête de citron vert et de bergamote, un cœur de fleur d'oranger et de jasmin, et une base de vanille et d'ambre."
    },
    {
      "id": "Dolce Garden",
      "nom": "Dolce Garden",
      "photo": "garden 1.jpg",
      "prix": 99.99,
      "dispo": false,
      "dateSortie": "2019-04-15",
      "comments": [
        {
          "nom": "Lucie",
          "message": "Un parfum frais et féminin, parfait pour l'été !"
        },
        {
          "nom": "Thomas",
          "message": "J'aime beaucoup cette fragrance florale, elle est très agréable."
        }
      ],
      "description": "Dolce Garden est un parfum floral fruité. Il s'ouvre sur des notes fraîches de citron et de pêche, avant de laisser place à un cœur floral de jasmin et de rose. La base révèle des notes de musc et de cèdre."
    },
    {
      "id": "the one",
      "nom": "Dolce & Gabbana The One",
      "photo": "the one 1.jpg",
      "prix": 95.99,
      "dispo": true,
      "dateSortie": "2019-03-01",
      "comments": [
        {
          "nom": "Cécile",
          "message": "Un parfum élégant et raffiné, idéal pour une soirée chic."
        },
        {
          "nom": "Julien",
          "message": "Une très belle fragrance, qui plaît beaucoup à mon entourage."
        }
      ],
      "description": "Dolce & Gabbana The One est un parfum oriental fleuri avec des notes de fleurs d'oranger, de lys et de vanille."
    },
    {
      "id": "intence",
      "nom": "Dolce & Gabbana Intense",
      "photo": "intense 2.jpg",
      "prix": 89.99,
      "dispo": true,
      "dateSortie": "2022-09-01",
      "comments": [
        {
          "nom": "Sophie",
          "message": "Un parfum ténébreux et sophistiqué, parfait pour une soirée élégante."
        },
        {
          "nom": "Marc",
          "message": "J'adore cette version plus intense du parfum classique Dolce & Gabbana."
        }
      ],
      "description": "Dolce & Gabbana Intense est une fragrance orientale épicée avec des notes de patchouli, de vanille et d'encens qui lui confèrent une profondeur et une sensualité uniques."
    },
    {
      "id": "Q",
      "nom": "Dolce & Gabbana Q",
      "photo": "q2.jpg",
      "prix": 79.99,
      "dispo": true,
      "dateSortie": "2023-04-15",
      "comments": [
        {
          "nom": "Émilie",
          "message": "Une fragrance élégante et raffinée, parfaite pour une soirée chic."
        },
        {
          "nom": "Florent",
          "message": "J'adore ce parfum, il dégage une aura de luxe et de sophistication."
        }
      ],
      "description": "Dolce & Gabbana Q est une fragrance orientale florale avec des notes de rose, de jasmin et de vanille qui lui confèrent une sensualité envoûtante."
    },
    {
      "id": "Ange",
      "nom": "Ange ou Demon",
      "photo": "ange 2.jpg",
      "prix": 100,
      "dispo": true,
      "dateSortie": "2024-11-08",
      "comments": [
        {
          "nom": "siline",
          "message": "Un parfum envoûtant, je l'adore !"
        },
        {
          "auteur": "marie",
          "message": "Très beau flacon, la fragrance est subtile et élégante."
        }
      ],
      "description": "Le parfum Ange ou Demon de Givenchy est une fragrance chypre-florale pour homme, alliant notes puissantes et fraîcheur délicate."
    },
    {
      "id": "Irresistible",
      "nom": "Irresistible",
      "photo": "damen 2.jpg",
      "prix": 90,
      "dispo": true,
      "dateSortie": "2023-09-15",
      "comments": [
        {
          "nom": "Utilisatrice3",
          "message": "J'adore ce parfum, il me fait craquer à chaque fois !"
        },
        {
          "nom": "Utilisatrice4",
          "message": "Une fragrance florale très féminine et captivante."
        }
      ],
      "description": "Irresistible de Givenchy est un parfum femme à la fois délicat et envoûtant, avec des notes florales et fruitées."
    },
    {
      "id": "Hot",
      "nom": "Hot Couture",
      "photo": "hot2.jpg",
      "prix": 85,
      "dispo": true,
      "dateSortie": "2022-03-20",
      "comments": [
        {
          "nom": "Utilisatrice5",
          "message": "Un parfum chic et sensuel, je l'adore !"
        },
        {
          "nom": "Utilisateur6",
          "message": "Très joli flacon, la fragrance est élégante et raffinée."
        }
      ],
      "description": "Hot Couture de Givenchy est un parfum femme aux notes florales et épicées, qui évoque le luxe et l'élégance."
    },
    {
      "id": "L'Interdit",
      "nom": "L'Interdit",
      "photo": "interdit1.jpg",
      "prix": 120,
      "dispo": true,
      "dateSortie": "2023-06-01",
      "comments": [
        {
          "nom": "alice",
          "message": "Quelle fragrance sophistiquée et élégante !"
        }
      ],
      "description": "L'Interdit de Givenchy est une fragrance orientale-florale pour homme, mêlant notes boisées, florales et épicées."
    },
    {
      "id": "Very Irresistible",
      "nom": "Very Irresistible",
      "photo": "very resistible 3.jpg",
      "prix": 95,
      "dispo": true,
      "dateSortie": "2022-09-15",
      "comments": [
        {
          "nom": "Utilisatrice3",
          "message": "Un parfum féminin et captivant, je le porte à chaque fois !"
        },
        {
          "nom": "Utilisatrice4",
          "message": "La fragrance est très agréable et fraîche."
        }
      ],
      "description": "Very Irresistible de Givenchy est un parfum femme aux notes florales et fruitées, avec une touche de fraîcheur."
    },
    {
      "id": "Bamboo",
      "nom": "Gucci Bamboo",
      "photo": "bambo 2.jpg",
      "prix": 89.99,
      "dispo": true,
      "dateSortie": "2015-09-03",
      "comments": [
        {
          "nom": "Marie",
          "message": "Un parfum très frais et féminin, j'adore !"
        },
        {
          "nom": "Thomas",
          "message": "Pas vraiment mon style, mais agréable quand même."
        }
      ],
      "description": "Gucci Bamboo est un parfum floral et boisé, avec des notes de bambou, de jasmin et de musc. Il a été créé pour les femmes à la recherche d'un parfum élégant et sophistiqué."
    },
    {
      "id": "Bloom",
      "nom": "Gucci Bloom",
      "photo": "bloom2.jpg",
      "prix": 99.99,
      "dispo": true,
      "dateSortie": "2017-05-12",
      "comments": [
        {
          "nom": "Camille",
          "message": "Un parfum floral magnifique, je le recommande vivement !"
        },
        {
          "nom": "Léo",
          "message": "Un parfum très féminin et délicat, j'aime beaucoup."
        }
      ],
      "description": "Gucci Bloom est un parfum floral composé de notes de fleur de jasmin, de tubéreuse et de fleur de neflier. Il a été créé pour célébrer la beauté et la diversité des femmes."
    },
    {
      "id": "Flora",
      "nom": "Flora by Gucci",
      "photo": "flora2.jpg",
      "prix": 90,
      "dispo": true,
      "dateSortie": "2020-04-15",
      "comments": [
        {
          "nom": "Marie",
          "message": "Un parfum féminin et floral très agréable."
        },
        {
          "nom": "Pierre",
          "message": "Bien mais pas exceptionnel."
        }
      ],
      "description": "Le parfum Flora by Gucci est une fragrance féminine, florale et fraîche, avec des notes de pivoine, de jasmin et de pétales de rose."
    },
    {
      "id": "Guilty",
      "nom": "Gucci Guilty Absolute Pour Femme",
      "photo": "guilty 2.jpg",
      "prix": 105,
      "dispo": true,
      "dateSortie": "2021-09-01",
      "comments": [
        {
          "nom": "Sophie",
          "message": "Un parfum envoûtant et sophistiqué, très féminin."
        },
        {
          "nom": "David",
          "message": "J'aime beaucoup l'intensité et la longévité de ce parfum."
        }
      ],
      "description": "Le parfum Gucci Guilty Absolute Pour Femme est une fragrance audacieuse et sensuelle, avec des notes de fleurs d'oranger, de vanille et de bois de santal."
    },
    {
      "id": "rush",
      "nom": "Gucci rush",
      "photo": "rush2.jpg",
      "prix": 95,
      "dispo": true,
      "dateSortie": "2019-06-30",
      "comments": [
        {
          "nom": "Émilie",
          "message": "Un parfum élégant et audacieux qui dure longtemps."
        },
        {
          "nom": "Julien",
          "message": "J'adore cette fragrance, elle me plaît beaucoup."
        }
      ],
      "description": "Le parfum Gucci Guilty est une fragrance féminine, charismatique et sensuelle, avec des notes de citron, de violette et de patchouli."
    },
    {
      "id": "Classique",
      "nom": "Gaultier Classique",
      "photo": "classique 2.jpg",
      "prix": 50,
      "dispo": true,
      "dateSortie": "2010-06-15",
      "comments": [
        {
          "nom": "Alice",
          "message": "Un parfum féminin et élégant, qui se porte facilement au quotidien."
        },
        {
          "nom": "Thomas",
          "message": "Bien que de bonne qualité, ce parfum n'est pas vraiment à mon goût."
        }
      ],
      "description": "Le parfum Gaultier Classique est une fragrance féminine signature de la maison Jean Paul Gaultier. Il mêle des notes de fleurs et d'épices pour une senteur sophistiquée et sensuelle."
    },
    {
      "id": "Classique X",
      "nom": "Gaultier Classique X",
      "photo": "classique x 1.jpg",
      "prix": 60,
      "dispo": false,
      "dateSortie": "2015-09-01",
      "comments": [
        {
          "auteur": "Sophie",
          "note": 5,
          "commentaire": "J'adore ce parfum, il est unique et très addictif !"
        },
        {
          "nom": "Marc",
          "message": "Une fragrance originale qui sort des senteurs classiques."
        }
      ],
      "description": "La version Classique X du parfum Jean Paul Gaultier apporte une touche d'audace et de modernité tout en conservant l'essence du parfum original."
    },
    {
      "id": "Gaultier",
      "nom": "Gaultier Divine",
      "photo": "jean paul gaultier 2.jpg",
      "prix": 70,
      "dispo": true,
      "dateSortie": "2020-03-20",
      "comments": [
        {
          "nom": "Camille",
          "message": "Un parfum divin comme son nom l'indique, il est envoûtant !"
        },
        {
          "nom": "Julien",
          "message": "Une fragrance chaleureuse et sophistiquée, parfaite pour une soirée."
        }
      ],
      "description": "Gaultier Divine est une création olfactive audacieuse et moderne, qui mêle des notes de fleurs et de bois précieux pour une fragrance divine et envoûtante."
    },
    {
      "id": "La Belle",
      "nom": "La Belle",
      "photo": "la belle 2.jpg",
      "prix": 79.99,
      "dispo": true,
      "dateSortie": "2024-11-01",
      "comments": [
        {
          "nom": "Léa",
          "message": "Un parfum très féminin et envoûtant, je l'adore!"
        },
        {
          "nom": "Thomas",
          "message": "Subtil et élégant, parfait pour une soirée chic."
        }
      ],
      "description": "La Belle est un parfum floral fruité créé par Jean Paul Gaultier. Ses notes de tête de rose et de bergamote se mélangent harmonieusement aux notes de cœur de jasmin et de musc pour un sillage féminin et enivrant."
    },
    {
      "id": "Scandal",
      "nom": "Scandal",
      "photo": "scandall 1.jpg",
      "prix": 89.99,
      "dispo": true,
      "dateSortie": "2023-06-15",
      "comments": [
        {
          "nom": "Camille",
          "message": "Un parfum audacieux et séduisant, parfait pour une soirée entre amis."
        },
        {
          "nom": "Maxime",
          "message": "Trop fort à mon goût, je préfère des parfums plus subtils."
        }
      ],
      "description": "Scandal est un parfum oriental floral signé Jean Paul Gaultier. Ses notes de tête de bergamote et de poivre rose se mélangent aux notes de cœur de jasmin et de fleur d'oranger pour un sillage envoûtant et mystérieux."
    },
    {
      "id": "Cafe Rose",
      "nom": "Tom Ford Cafe Rose",
      "photo": "cafe rose 2.jpg",
      "prix": 120,
      "dispo": false,
      "dateSortie": "2022-03-15",
      "comments": [
        {
          "nom": "Utilisateur1",
          "message": "Parfum envoûtant et élégant, je l'adore !"
        },
        {
          "nom": "Utilisateur2",
          "message": "Une très belle fragrance, je la recommande vivement."
        }
      ],
      "description": "Découvrez le parfum Tom Ford Cafe Rose, une senteur captivante et sophistiquée. Notes de café, de rose et d'épices pour une expérience olfactive unique."
    },
    {
      "id": "Rose Prick",
      "nom": "Tom Ford Rose Prick",
      "photo": "rose prick 1.jpg",
      "prix": 150,
      "dispo": true,
      "dateSortie": "2021-06-01",
      "comments": [
        {
          "nom": "Utilisateur3",
          "message": "Un parfum de très haute qualité, un véritable coup de cœur !"
        },
        {
          "nom": "Utilisateur4",
          "message": "La fragrance est envoûtante et unique, je suis conquis."
        }
      ],
      "description": "Découvrez le parfum Tom Ford Rose Prick, une interprétation moderne et audacieuse de la rose. Des notes de rose, de patchouli et d'épices pour une fragrance captivante."
    },
    {
      "id": "Lost Cherry",
      "nom": "Lost Cherry",
      "photo": "Tom ford 2.jpg",
      "prix": 100,
      "dispo": true,
      "dateSortie": "2022-01-01",
      "comments": [
        {
          "nom": "John Doe",
          "message": "Un parfum unique et envoûtant."
        },
        {
          "nom": "Jane Smith",
          "message": "J'adore ce parfum, il me rappelle des souvenirs d'enfance."
        }
      ],
      "description": "Lost Cherry est un parfum enivrant et vaporeux, qui mêle la douceur des cerises mûres et la pureté du jasmin."
    },
    {
      "id": "Vanilla",
      "nom": "Vanilla Sex",
      "photo": "Tom ford vanilla sex1.jpg",
      "prix": 50,
      "dispo": true,
      "dateSortie": "2021-06-15",
      "comments": [
        {
          "nom": "Emily Johnson",
          "message": "Un parfum un peu trop fort à mon goût."
        },
        {
          "nom": "Michael Brown",
          "message": "Une senteur vanillée très agréable."
        }
      ],
      "description": "Vanilla Sex est un parfum audacieux et sensuel, qui mélange subtilement la vanille et les notes boisées."
    },
    {
      "id": "White",
      "nom": "White Suede",
      "photo": "Tom ford white 2.jpg",
      "prix": 100,
      "dispo": true,
      "dateSortie": "2020-09-01",
      "comments": [
        {
          "nom": "Sarah Davis",
          "message": "Un parfum très élégant et raffiné."
        },
        {
          "nom": "David Lee",
          "message": "Une odeur de suède blanc très agréable."
        }
      ],
      "description": "White Suede est un parfum sophistiqué et audacieux, qui mêle la douceur du suède blanc et la fraîcheur des notes boisées."
    },
    {
      "id": "Bright Crystal",
      "nom": "Versace Bright Crystal",
      "photo": "bright crystal 1.jpg",
      "prix": 90,
      "dispo": true,
      "dateSortie": "2024-11-11",
      "comments": [
        {
          "nom": "Utilisateur 1",
          "message": "Un parfum frais et féminin, idéal pour l'été."
        },
        {
          "nom": "Utilisateur 2",
          "message": "J'adore cette fragrance, elle me rappelle l'océan."
        }
      ],
      "description": "Versace Bright Crystal est un parfum frais et élégant, avec des notes de jasmin, de pivoine et de cristal de musc."
    },
    {
      "id": "Crystal Noir",
      "nom": "Versace Crystal Noir",
      "photo": "cristal noir 1.jpg",
      "prix": 100,
      "dispo": true,
      "dateSortie": "2023-05-01",
      "comments": [
        {
          "nom": "Utilisateur 7",
          "message": "J'adore le flacon, il a vraiment du caractère."
        },
        {
          "nom": "Utilisateur 8",
          "message": "Un parfum qui tient bien et qui a beaucoup de personnalité."
        }
      ],
      "description": "Versace Crystal Noir est présenté dans un flacon facetté, reflétant la richesse de la fragrance."
    },
    {
      "id": "Eros",
      "nom": "Versace Eros",
      "photo": "eros1.jpg",
      "prix": 120,
      "dispo": true,
      "dateSortie": "2013-04-15T00:00:00Z",
      "comments": [
        {
          "nom": "Alice",
          "message": "Un parfum très élégant et séduisant."
        },
        {
          "nom": "Bob",
          "message": "Trop fort pour mon goût."
        }
      ],
      "description": "Versace Eros est un parfum qui incarne la sensualité et la virilité."
    },
    {
      "id": "Purple",
      "nom": "Versace Dylan Purple",
      "photo": "purple 2.jpg",
      "prix": 95,
      "dispo": true,
      "dateSortie": "2020-09-01T00:00:00Z",
      "comments": [
        {
          "nom": "Charlie",
          "message": "Une odeur fleurie et féminine."
        }
      ],
      "description": "Versace Dylan Purple est un parfum délicat et envoûtant."
    },
    {
      "id": "dylan blue",
      "nom": "Versace dylan blue",
      "photo": "dylan blue 2.jpg",
      "prix": 110,
      "dispo": true,
      "dateSortie": "2014-09-01T00:00:00Z",
      "comments": [
        {
          "nom": "Emma",
          "message": "Un parfum puissant et envoûtant."
        },
        {
          "nom": "Liam",
          "message": "Trop fort pour mon goût, mais très élégant."
        }
      ],
      "description": "Versace Eros Pour Femme est un parfum floral et boisé qui incarne la sensualité et la force féminine."
    },
    {
      "id": "Black Opium",
      "nom": "Black Opium",
      "photo": "black opium 1.jpg",
      "prix": 89.99,
      "dispo": true,
      "dateSortie": "2014-09-01",
      "comments": [
        {
          "nom": "Alice",
          "message": "Un parfum sombre et envoûtant, j'adore!"
        },
        {
          "nom": "Jean",
          "message": "Trop fort pour moi, mais intéressant."
        }
      ],
      "description": "Black Opium est un parfum avant-gardiste et addictif, aux notes de café torréfié, de fleurs blanches et de vanille."
    },
    {
      "id": "Caban",
      "nom": "Caban",
      "photo": "caban 1.jpg",
      "prix": 79.99,
      "dispo": true,
      "dateSortie": "2021-03-15",
      "comments": [
        {
          "nom": "Sophie",
          "message": "Un parfum subtil et élégant, parfait pour l'automne."
        },
        {
          "nom": "Marc",
          "message": "Une très belle découverte, je le recommande."
        }
      ],
      "description": "Caban est un parfum boisé et aromatique, qui évoque la fraîcheur de la mer et la chaleur du bois."
    },
    {
      "id": "L'Éclat",
      "nom": "Manifesto L'Éclat",
      "photo": "leclat 2.jpg",
      "prix": 89.5,
      "dispo": true,
      "dateSortie": "2018-06-01",
      "comments": [
        {
          "nom": "Lucie",
          "message": "Un parfum lumineux et pétillant, parfait pour l'été."
        },
        {
          "nom": "Thomas",
          "message": "Agréable mais un peu trop floral à mon goût."
        }
      ],
      "description": "Manifesto L'Éclat est un parfum floral et féminin, qui mêle des notes de fleurs blanches et de fruits mûrs."
    },
    {
      "id": "Libre",
      "nom": "Libre",
      "photo": "libre 2.jpg",
      "prix": 89.99,
      "dispo": true,
      "dateSortie": "2022-03-15",
      "comments": [
        {
          "nom": "Utilisateur1",
          "message": "Excellent parfum, tient très bien dans le temps."
        },
        {
          "nom": "Utilisateur2",
          "message": "Je suis complètement séduit par ce parfum, une véritable réussite !"
        }
      ],
      "description": "Libre est un parfum floral et boisé qui transporte dans un univers élégant et raffiné."
    },
    {
      "id": "Mon Paris",
      "nom": "Mon Paris",
      "photo": "mon paris 2.jpg",
      "prix": 79.99,
      "dispo": true,
      "dateSortie": "2020-10-01",
      "comments": [
        {
          "nom": "Utilisatrice3",
          "message": "Très bonne tenue, la fragrance est subtile et envoûtante."
        },
        {
          "nom": "Utilisateur4",
          "message": "Pas tout à fait mon style, mais c'est un parfum de bonne qualité."
        }
      ],
      "description": "Mon Paris est un parfum floral fruité qui évoque la romance et la beauté de la ville lumière."
    },
    {
      "id": "yass",
      "nom": "mimi",
      "photo": "bloom.jpg",
      "prix": "50",
      "dispo": true,
      "description": "ygyhgjhj"
    },
    {
      "id": "baccara",
      "nom": "baccara",
      "photo": "bakara.jpg",
      "prix": "777",
      "dispo": true,
      "description": "baccara tfatak",
      "dateSortie": "2000/8/7"
    },
    {
      "id": "si",
      "nom": "si",
      "prix": 500,
      "photo": "si.jpg",
      "dateSortie": "2000/8/7",
      "description": "jhdn,ckfnbehnckk"
    }
  ],
  "parfumsH": [
    {
      "id": "For men",
      "nom": "Burberry For Men",
      "photo": "for men.jpg",
      "prix": 95,
      "dispo": true,
      "dateSortie": "2022-06-15",
      "comments": [
        {
          "nom": "Julien",
          "message": "Un parfum élégant et sophistiqué !"
        },
        {
          "nom": "Sophie",
          "message": "J'adore son sillage subtil et envoûtant !"
        }
      ],
      "description": "Le parfum Burberry pour homme allie des notes fraîches et épicées pour un résultat raffiné et masculin."
    },
    {
      "id": "Hero",
      "nom": "Burberry Hero",
      "photo": "hero.jpg",
      "prix": 90,
      "dispo": true,
      "dateSortie": "2020-03-15",
      "comments": [
        {
          "nom": "Léa",
          "message": "Un parfum puissant et envoûtant !"
        },
        {
          "nom": "Mathieu",
          "message": "Idéal pour une soirée spéciale."
        }
      ],
      "description": "Le parfum Hero est une fragrance audacieuse et charismatique, parfaite pour les hommes à la personnalité affirmée."
    },
    {
      "id": "Mr Burberry",
      "nom": "Mr Burberry",
      "photo": "noir.jpg",
      "prix": 85,
      "dispo": true,
      "dateSortie": "2022-11-01",
      "comments": [
        {
          "nom": "Manon",
          "message": "Un parfum sombre et mystérieux, j'adore !"
        },
        {
          "nom": "Romain",
          "message": "Très bonne tenue, il reste longtemps sur la peau."
        }
      ],
      "description": "Le parfum Noir apporte une touche de sophistication et d'élégance, idéal pour les hommes qui aiment se démarquer."
    },
    {
      "id": "Touch",
      "nom": "Burberry Touch",
      "photo": "touch.jpg",
      "prix": 75,
      "dispo": true,
      "dateSortie": "2023-05-01",
      "comments": [
        {
          "nom": "Camille",
          "message": "Un parfum frais et agréable, parfait pour l'été."
        },
        {
          "nom": "Alexis",
          "message": "J'adore son côté décontracté et naturel."
        }
      ],
      "description": "Le parfum Touch est une fragrance légère et personnelle, qui s'adapte à tous les styles de vie."
    },
    {
      "id": "Allure",
      "nom": "Chanel Allure",
      "photo": "allure.jpg",
      "prix": 90,
      "dispo": true,
      "dateSortie": "2018-09-01",
      "comments": [
        {
          "nom": "Amélie",
          "message": "Un parfum très élégant et masculin."
        },
        {
          "nom": "Matthieu",
          "message": "Parfait pour une soirée chic et raffinée."
        }
      ],
      "description": "Le parfum Allure est une fragrance boisée et épicée, qui allie sophistication et virilité."
    },
    {
      "id": "Bleu de Chanel",
      "nom": "Bleu de Chanel",
      "photo": "bleu1.jpg",
      "prix": 100,
      "dispo": false,
      "dateSortie": "2010-09-01",
      "comments": [
        {
          "nom": "Camille",
          "message": "Un classique intemporel et toujours aussi réussi."
        },
        {
          "nom": "Julien",
          "message": "Subtil et moderne, j'adore ce parfum !"
        }
      ],
      "description": "Bleu de Chanel est un parfum boisé et aromatique, qui allie fraîcheur et profondeur."
    },
    {
      "id": "Le Lion",
      "nom": "Channel Le Lion",
      "photo": "le lion.jpg",
      "prix": 110,
      "dispo": true,
      "dateSortie": "2020-03-01",
      "comments": [
        {
          "nom": "Léa",
          "message": "Un parfum puissant et affirmé, j'adore !"
        },
        {
          "nom": "Thomas",
          "message": "Très beau flacon, et la fragrance est top !"
        }
      ],
      "description": "Le parfum Le Lion de Chanel est une fragrance boisée et épicée, qui reflète la force et le charisme."
    },
    {
      "id": "Platinum",
      "nom": " Platinum Egoiste",
      "photo": "platinum1.jpg",
      "prix": 85,
      "dispo": true,
      "dateSortie": "2015-06-01",
      "comments": [
        {
          "nom": "Emma",
          "message": "Un parfum frais et élégant, idéal pour l'été."
        },
        {
          "nom": "Antoine",
          "message": "J'aime beaucoup son côté moderne et épuré."
        }
      ],
      "description": "Le parfum Platinum est une fragrance boisée et aromatique, qui allie fraîcheur et sophistication."
    },
    {
      "id": "Pour Monsieur",
      "nom": "Channel Pour Monsieur",
      "photo": "pour monsieur.jpg",
      "prix": 95,
      "dispo": true,
      "dateSortie": "1955-04-01",
      "comments": [
        {
          "nom": "Manon",
          "message": "Un parfum intemporel et élégant, un vrai classique."
        },
        {
          "nom": "Romain",
          "message": "Une fragrance historique et emblématique de Chanel."
        }
      ],
      "description": "Pour Monsieur de Chanel est un parfum boisé et aromatique, qui reflète l'essence même de la masculinité."
    },
    {
      "id": "Dune",
      "nom": "Dior Dune",
      "photo": "dune.jpg",
      "prix": 80,
      "dispo": true,
      "dateSortie": "1991-01-01",
      "comments": [
        {
          "nom": "Léa",
          "message": "Un parfum boisé et épicé, très agréable à porter."
        },
        {
          "nom": "Mathieu",
          "message": "Parfait pour une soirée chic et raffinée."
        }
      ],
      "description": "Le parfum Dune est une fragrance boisée et aromatique, qui évoque l'esprit des dunes de sable."
    },
    {
      "id": "Fahrenheit",
      "nom": "Dior Fahrenheit",
      "photo": "fahrenheit.jpg",
      "prix": 90,
      "dispo": false,
      "dateSortie": "1988-03-01",
      "comments": [
        {
          "nom": "Emma",
          "message": "Un parfum unique et envoûtant, j'adore !"
        },
        {
          "nom": "Antoine",
          "message": "Un classique intemporel de la parfumerie masculine."
        }
      ],
      "description": "Fahreinheit est une fragrance boisée et épicée, qui allie force et charisme."
    },
    {
      "id": "Sauvage",
      "nom": "Dior Sauvage",
      "photo": "sauvage.jpg",
      "prix": 100,
      "dispo": true,
      "dateSortie": "2015-09-01",
      "comments": [
        {
          "nom": "Manon",
          "message": "Un parfum puissant et envoûtant, parfait pour une soirée."
        },
        {
          "nom": "Romain",
          "message": "J'adore son côté sauvage et aventurier."
        }
      ],
      "description": "Sauvage est une fragrance boisée et épicée, qui reflète la force et le caractère."
    },
    {
      "id": "Eau Sauvage Extreme",
      "nom": "Dior Eau Sauvage Extreme",
      "photo": "sauvagenoir.jpg",
      "prix": 95,
      "dispo": true,
      "dateSortie": "2019-06-01",
      "comments": [
        {
          "nom": "Camille",
          "message": "Une version plus intense et puissante d'Eau Sauvage, j'adore !"
        },
        {
          "nom": "Julien",
          "message": "Un parfum qui tient toute la journée, très agréable à porter."
        }
      ],
      "description": "Eau Sauvage Extreme est une fragrance boisée et aromatique, qui apporte une touche de caractère à la légendaire Eau Sauvage."
    },
    {
      "id": "Eau Sauvage",
      "nom": "Dior Eau Sauvage",
      "photo": "sauvagevert.jpg",
      "prix": 90,
      "dispo": false,
      "dateSortie": "1966-01-01",
      "comments": [
        {
          "nom": "Amélie",
          "message": "Un parfum frais et intemporel, un classique de la parfumerie."
        },
        {
          "nom": "Matthieu",
          "message": "J'adore son côté rafraîchissant et masculin."
        }
      ],
      "description": "Eau Sauvage est une fragrance emblématique de Dior, qui allie fraîcheur et élégance."
    },
    {
      "id": "Intenso",
      "nom": "D&G Intenso",
      "photo": "intenso.jpg",
      "prix": 85,
      "dispo": true,
      "dateSortie": "2014-01-01",
      "comments": [
        {
          "nom": "Léa",
          "message": "Un parfum riche et profond, idéal pour l'hiver."
        },
        {
          "nom": "Mathieu",
          "message": "Une fragrance qui reste longtemps sur la peau."
        }
      ],
      "description": "Intenso est une fragrance boisée et aromatique, qui évoque la masculinité moderne."
    },
    {
      "id": "K",
      "nom": "K D&G",
      "photo": "k.jpg",
      "prix": 90,
      "dispo": true,
      "dateSortie": "2021-01-01",
      "comments": [
        {
          "nom": "Amélie",
          "message": "Un parfum vibrant et énergique, parfait pour le quotidien."
        },
        {
          "nom": "Antoine",
          "message": "J'adore son mélange de fraîcheur et de chaleur."
        }
      ],
      "description": "K est une fragrance aromatique et boisée, qui incarne la force et la passion."
    },
    {
      "id": "Light Blue",
      "nom": "D&G Light Blue",
      "photo": "lightblue.jpg",
      "prix": 80,
      "dispo": true,
      "dateSortie": "2007-01-01",
      "comments": [
        {
          "nom": "Emma",
          "message": "Un parfum frais et estival, parfait pour les journées ensoleillées."
        },
        {
          "nom": "Julien",
          "message": "J'adore son côté léger et pétillant."
        }
      ],
      "description": "Light Blue est une fragrance fruitée et florale, qui évoque la mer et le soleil."
    },
    {
      "id": "The One",
      "nom": "D&G The One",
      "photo": "the one1.jpg",
      "prix": 100,
      "dispo": true,
      "dateSortie": "2006-01-01",
      "comments": [
        {
          "nom": "Camille",
          "message": "Un parfum élégant et séduisant, parfait pour les soirées."
        },
        {
          "nom": "Romain",
          "message": "Un classique incontournable dans ma collection."
        }
      ],
      "description": "The One est une fragrance orientale et florale, qui incarne le glamour et la sensualité."
    },
    {
      "id": "The Only One",
      "nom": "D&G The Only One",
      "photo": "the only1.jpg",
      "prix": 95,
      "dispo": true,
      "dateSortie": "2018-01-01",
      "comments": [
        {
          "nom": "Manon",
          "message": "Un parfum envoûtant et romantique, j'adore !"
        },
        {
          "nom": "Mathieu",
          "message": "Très belle fragrance qui se démarque."
        }
      ],
      "description": "The Only One est une fragrance florale et orientale, qui célèbre la femme moderne et confiante."
    },
    {
      "id": "Gentleman",
      "nom": " Givenchy Gentleman",
      "photo": "gentle.jpg",
      "prix": 95,
      "dispo": false,
      "dateSortie": "2017-01-01",
      "comments": [
        {
          "nom": "Léa",
          "message": "Un parfum élégant et raffiné, parfait pour toutes les occasions."
        },
        {
          "nom": "Mathieu",
          "message": "J'adore son mélange de notes boisées et florales."
        }
      ],
      "description": "Gentleman est une fragrance boisée et épicée, qui incarne la virilité moderne."
    },
    {
      "id": "L'Interdit",
      "nom": " Givenchy L'Interdit",
      "photo": "inter.jpg",
      "prix": 100,
      "dispo": true,
      "dateSortie": "2018-09-01",
      "comments": [
        {
          "nom": "Amélie",
          "message": "Un parfum audacieux et floral, j'adore !"
        },
        {
          "nom": "Antoine",
          "message": "Intense et captivant, il ne passe jamais inaperçu."
        }
      ],
      "description": "L'Interdit est une fragrance florale et orientale, qui célèbre la féminité audacieuse."
    },
    {
      "id": "Gentlemen Only",
      "nom": " Givenchy Gentlemen Only",
      "photo": "only.jpg",
      "prix": 85,
      "dispo": true,
      "dateSortie": "2013-01-01",
      "comments": [
        {
          "nom": "Emma",
          "message": "Un parfum frais et élégant, parfait pour le quotidien."
        },
        {
          "nom": "Julien",
          "message": "J'adore son côté moderne et raffiné."
        }
      ],
      "description": "Gentlemen Only est une fragrance boisée et épicée, qui incarne la sophistication masculine."
    },
    {
      "id": "Pi",
      "nom": " Givenchy Pi",
      "photo": "pi.jpg",
      "prix": 90,
      "dispo": true,
      "dateSortie": "1998-01-01",
      "comments": [
        {
          "nom": "Léa",
          "message": "Un parfum sucré et chaleureux, parfait pour l'hiver."
        },
        {
          "nom": "Romain",
          "message": "Une fragrance unique qui attire les compliments."
        }
      ],
      "description": "Pi est une fragrance orientale et boisée, qui évoque l'aventure et l'audace."
    },
    {
      "id": "Xeryus",
      "nom": "  Givenchy Xeryus",
      "photo": "xeryus.jpg",
      "prix": 85,
      "dispo": true,
      "dateSortie": "1995-01-01",
      "comments": [
        {
          "nom": "Camille",
          "message": "Un parfum classique et élégant, un vrai bijou."
        },
        {
          "nom": "Antoine",
          "message": "Son odeur est intemporelle, j'adore !"
        }
      ],
      "description": "Xeryus est une fragrance boisée et épicée, qui allie tradition et modernité."
    },
    {
      "id": "A Song for the Rose",
      "nom": "Gucci A Song for the Rose",
      "photo": "blue.jpg",
      "prix": 95,
      "dispo": true,
      "dateSortie": "2021-01-01",
      "comments": [
        {
          "nom": "Léa",
          "message": "Un parfum floral et délicat, parfait pour le printemps."
        },
        {
          "nom": "Mathieu",
          "message": "Évocateur et romantique, j'adore son odeur."
        }
      ],
      "description": "A Song for the Rose est une fragrance florale, qui évoque la beauté et la douceur des roses."
    },
    {
      "id": "Guilty Black",
      "nom": "Gucci Guilty Black",
      "photo": "guilty.jpg",
      "prix": 85,
      "dispo": true,
      "dateSortie": "2014-01-01",
      "comments": [
        {
          "nom": "Amélie",
          "message": "Un parfum séduisant et mystérieux, parfait pour les soirées."
        },
        {
          "nom": "Antoine",
          "message": "Intense et captivant, il laisse une empreinte."
        }
      ],
      "description": "Guilty Black est une fragrance orientale et florale, qui incarne la sensualité et l'audace."
    },
    {
      "id": "Made to Measure",
      "nom": "Gucci Made to Measure",
      "photo": "made.jpg",
      "prix": 100,
      "dispo": true,
      "dateSortie": "2013-01-01",
      "comments": [
        {
          "nom": "Emma",
          "message": "Un parfum élégant et sophistiqué, parfait pour le bureau."
        },
        {
          "nom": "Julien",
          "message": "Un vrai classique, j'adore sa signature."
        }
      ],
      "description": "Made to Measure est une fragrance boisée et épicée, qui évoque le raffinement et la sophistication."
    },
    {
      "id": "Mémoire",
      "nom": "Gucci Mémoire",
      "photo": "memoire.jpg",
      "prix": 110,
      "dispo": false,
      "dateSortie": "2020-01-01",
      "comments": [
        {
          "nom": "Léa",
          "message": "Un parfum unique et captivant, j'adore son originalité."
        },
        {
          "nom": "Romain",
          "message": "Une vraie œuvre d'art, très poétique."
        }
      ],
      "description": "Mémoire est une fragrance florale et boisée, qui célèbre les souvenirs et les émotions."
    },
    {
      "id": "Intense Oud",
      "nom": "Gucci Intense Oud",
      "photo": "oud.jpg",
      "prix": 120,
      "dispo": true,
      "dateSortie": "2016-01-01",
      "comments": [
        {
          "nom": "Camille",
          "message": "Un parfum riche et profond, parfait pour les occasions spéciales."
        },
        {
          "nom": "Antoine",
          "message": "L'oud est très bien équilibré, j'adore."
        }
      ],
      "description": "Intense Oud est une fragrance orientale, qui marie le luxe de l'oud à des notes boisées et épicées."
    },
    {
      "id": "Le Male Le Parfum",
      "nom": "Le Male Le Parfum",
      "photo": "le male.jpg",
      "prix": 95,
      "dispo": true,
      "dateSortie": "2020-01-01",
      "comments": [
        {
          "nom": "Léa",
          "message": "Un parfum chaud et séduisant, parfait pour l'hiver."
        },
        {
          "nom": "Mathieu",
          "message": "Une belle évolution de la fragrance classique."
        }
      ],
      "description": "Le Male Le Parfum est une fragrance orientale et boisée, qui évoque la masculinité moderne."
    },
    {
      "id": "Le Male",
      "nom": "Le Male",
      "photo": "le male bleu.jpg",
      "prix": 85,
      "dispo": true,
      "dateSortie": "1995-01-01",
      "comments": [
        {
          "nom": "Emma",
          "message": "Un classique intemporel, toujours aussi séduisant."
        },
        {
          "nom": "Julien",
          "message": "Un parfum iconique qui ne se démode jamais."
        }
      ],
      "description": "Le Male est une fragrance orientale et fougère, qui allie fraîcheur et sensualité."
    },
    {
      "id": "Le Male Elixir",
      "nom": "Le Male Elixir",
      "photo": "elixir.jpg",
      "prix": 90,
      "dispo": true,
      "dateSortie": "2021-01-01",
      "comments": [
        {
          "nom": "Léa",
          "message": "Une fragrance puissante et envoûtante, j'adore !"
        },
        {
          "nom": "Romain",
          "message": "Très belle intensité, parfaite pour les soirées."
        }
      ],
      "description": "Le Male Elixir est une fragrance boisée et épicée, qui accentue la puissance masculine."
    },
    {
      "id": "Le Beau",
      "nom": "Le Beau",
      "photo": "le beau.jpg",
      "prix": 100,
      "dispo": true,
      "dateSortie": "2019-01-01",
      "comments": [
        {
          "nom": "Camille",
          "message": "Un parfum frais et élégant, parfait pour l'été."
        },
        {
          "nom": "Antoine",
          "message": "J'adore son côté léger et séduisant."
        }
      ],
      "description": "Le Beau est une fragrance aromatique et boisée, qui évoque la sensualité et le charme."
    },
    {
      "id": "Scandal",
      "nom": "Scandal",
      "photo": "scandal.jpg",
      "prix": 95,
      "dispo": true,
      "dateSortie": "2019-01-01",
      "comments": [
        {
          "nom": "Léa",
          "message": "Un parfum audacieux et sucré, j'adore !"
        },
        {
          "nom": "Mathieu",
          "message": "Un vrai coup de cœur, très féminin."
        }
      ],
      "description": "Scandal est une fragrance florale et orientale, qui incarne la sensualité et l'audace féminine."
    },
    {
      "id": "Black Orchid",
      "nom": "Black Orchid",
      "photo": "black orchid.jpg",
      "prix": 120,
      "dispo": false,
      "dateSortie": "2006-01-01",
      "comments": [
        {
          "nom": "Léa",
          "message": "Un parfum mystérieux et envoûtant, parfait pour les soirées."
        },
        {
          "nom": "Mathieu",
          "message": "Une fragrance riche et intense, j'adore !"
        }
      ],
      "description": "Black Orchid est une fragrance orientale et florale, qui évoque le luxe et la sensualité."
    },
    {
      "id": "Costa Azzurra",
      "nom": "Costa Azzurra",
      "photo": "costa.jpg",
      "prix": 150,
      "dispo": true,
      "dateSortie": "2013-01-01",
      "comments": [
        {
          "nom": "Emma",
          "message": "Un parfum frais et aquatique, parfait pour l'été."
        },
        {
          "nom": "Julien",
          "message": "Évoque les vacances et le soleil, j'adore !"
        }
      ],
      "description": "Costa Azzurra est une fragrance boisée et aromatique, qui évoque la mer Méditerranée."
    },
    {
      "id": "Oud Wood",
      "nom": "Oud Wood",
      "photo": "oud wood1.jpg",
      "prix": 180,
      "dispo": true,
      "dateSortie": "2007-01-01",
      "comments": [
        {
          "nom": "Léa",
          "message": "Un parfum riche et sophistiqué, parfait pour les occasions spéciales."
        },
        {
          "nom": "Romain",
          "message": "L'oud est magnifiquement équilibré, j'adore."
        }
      ],
      "description": "Oud Wood est une fragrance orientale et boisée, qui célèbre la rareté et le luxe."
    },
    {
      "id": "Tobacco Vanille",
      "nom": "Tobacco Vanille",
      "photo": "tobacco vanille.jpg",
      "prix": 180,
      "dispo": true,
      "dateSortie": "2007-01-01",
      "comments": [
        {
          "nom": "Camille",
          "message": "Un parfum chaud et gourmand, très réconfortant."
        },
        {
          "nom": "Antoine",
          "message": "Une fragrance unique qui attire les compliments."
        }
      ],
      "description": "Tobacco Vanille est une fragrance orientale et épicée, qui allie la douceur de la vanille à la richesse du tabac."
    },
    {
      "id": "White Suede",
      "nom": "White Suede",
      "photo": "white.jpg",
      "prix": 150,
      "dispo": true,
      "dateSortie": "2009-01-01",
      "comments": [
        {
          "nom": "Léa",
          "message": "Un parfum doux et aérien, parfait pour tous les jours."
        },
        {
          "nom": "Romain",
          "message": "Très élégant et raffiné, j'aime beaucoup."
        }
      ],
      "description": "White Suede est une fragrance boisée et florale, qui évoque la douceur et la légèreté."
    },
    {
      "id": "Eros",
      "nom": "Eros",
      "photo": "erosb.jpg",
      "prix": 95,
      "dispo": true,
      "dateSortie": "2012-01-01",
      "comments": [
        {
          "nom": "Léa",
          "message": "Un parfum intense et séduisant, parfait pour les soirées."
        },
        {
          "nom": "Mathieu",
          "message": "J'adore son mélange de fraîcheur et de chaleur."
        }
      ],
      "description": "Eros est une fragrance orientale et fougère, qui incarne la passion et la puissance."
    },
    {
      "id": "Dylan Blue",
      "nom": "Dylan Blue",
      "photo": "dylan blue.jpg",
      "prix": 100,
      "dispo": false,
      "dateSortie": "2016-01-01",
      "comments": [
        {
          "nom": "Emma",
          "message": "Un parfum frais et moderne, idéal pour le quotidien."
        },
        {
          "nom": "Julien",
          "message": "Son odeur est très masculine et élégante."
        }
      ],
      "description": "Dylan Blue est une fragrance aromatique et boisée, qui évoque la force et la créativité."
    },
    {
      "id": "Eros Flame",
      "nom": "Eros Flame",
      "photo": "erosb.jpg",
      "prix": 90,
      "dispo": true,
      "dateSortie": "2018-01-01",
      "comments": [
        {
          "nom": "Léa",
          "message": "Un parfum audacieux et chaleureux, j'adore !"
        },
        {
          "nom": "Romain",
          "message": "Parfait pour les soirées d'été."
        }
      ],
      "description": "Eros Flame est une fragrance orientale et épicée, qui célèbre la passion et l'intensité."
    },
    {
      "id": "Oud Noir",
      "nom": "Oud Noir",
      "photo": "oudnoir1.jpg",
      "prix": 150,
      "dispo": true,
      "dateSortie": "2013-01-01",
      "comments": [
        {
          "nom": "Camille",
          "message": "Un parfum riche et mystérieux, parfait pour les occasions spéciales."
        },
        {
          "nom": "Antoine",
          "message": "Une belle composition autour de l'oud."
        }
      ],
      "description": "Oud Noir est une fragrance orientale, qui allie la richesse de l'oud à des notes épicées."
    },
    {
      "id": "Pour Homme",
      "nom": "Pour Homme",
      "photo": "pour homme.jpg",
      "prix": 85,
      "dispo": true,
      "dateSortie": "2008-01-01",
      "comments": [
        {
          "nom": "Léa",
          "message": "Un parfum classique et élégant, idéal pour toutes les occasions."
        },
        {
          "nom": "Mathieu",
          "message": "Une fragrance intemporelle qui ne se démode jamais."
        }
      ],
      "description": "Pour Homme est une fragrance aromatique et boisée, qui évoque la masculinité et la sophistication."
    },
    {
      "id": "La Nuit de l'Homme",
      "nom": "La Nuit de l'Homme",
      "photo": "la nuit de l'homme1.jpg",
      "prix": 90,
      "dispo": true,
      "dateSortie": "2009-01-01",
      "comments": [
        {
          "nom": "Léa",
          "message": "Un parfum séduisant et mystérieux, parfait pour les soirées."
        },
        {
          "nom": "Mathieu",
          "message": "Une fragrance élégante qui attire les compliments."
        }
      ],
      "description": "La Nuit de l'Homme est une fragrance boisée et épicée, qui évoque la sensualité et la sophistication."
    },
    {
      "id": "Myself",
      "nom": "Myself",
      "photo": "myslf.jpg",
      "prix": 95,
      "dispo": true,
      "dateSortie": "2021-01-01",
      "comments": [
        {
          "nom": "Emma",
          "message": "Un parfum moderne et frais, j'adore son originalité."
        },
        {
          "nom": "Julien",
          "message": "Une belle fragrance qui me fait sentir confiante."
        }
      ],
      "description": "Myself est une fragrance florale et fruitée, qui célèbre l'individualité et l'authenticité."
    },
    {
      "id": "Rouge Velours",
      "nom": "Rouge Velours",
      "photo": "rouge1.jpg",
      "prix": 100,
      "dispo": true,
      "dateSortie": "2020-01-01",
      "comments": [
        {
          "nom": "Léa",
          "message": "Un parfum sensuel et élégant, parfait pour les occasions spéciales."
        },
        {
          "nom": "Romain",
          "message": "Une fragrance riche et envoûtante."
        }
      ],
      "description": "Rouge Velours est une fragrance orientale et florale, qui évoque le luxe et la passion."
    },
    {
      "id": "Saharienne",
      "nom": "Saharienne",
      "photo": "saharienne.jpg",
      "prix": 85,
      "dispo": true,
      "dateSortie": "2021-01-01",
      "comments": [
        {
          "nom": "Camille",
          "message": "Un parfum frais et lumineux, parfait pour l'été."
        },
        {
          "nom": "Antoine",
          "message": "Évoque la chaleur et l'odeur des paysages désertiques."
        }
      ],
      "description": "Saharienne est une fragrance aromatique et boisée, qui célèbre la nature et l'aventure."
    }
  ]
}